TRUNCATE TABLE cn.payment, cn.ticket, cn.products_in_orders, cn.order, cn.loyalty_card, cn.client, cn.product, cn.employees_history, cn.employee, cn.session, cn.film, cn.cinema CASCADE;

INSERT INTO cn.product (product_id, name, description, cost)
VALUES (1, 'Попкорн соленый (мал)', 'Соль + попкорн + маленький пакет', 100),
       (2, 'Попкорн соленый (сред)', 'Соль + попкорн + средний пакет', 200),
       (3, 'Попкорн соленый (бол)', 'Соль + попкорн + большой пакет', 300),
       (4, 'Попкорн сладкий (мал)', 'Сахар + попкорн + маленький пакет', 200),
       (5, 'Попкорн сладкий (сред)', 'Сахар + попкорн + средний пакет', 300),
       (6, 'Попкорн сладкий (бол)', 'Сахар + попкорн + большой пакет', 400),
       (7, 'Попкорн карамельный (мал)', 'Карамель + попкорн + маленький пакет', 300),
       (8, 'Попкорн карамельный (сред)', 'Карамель + попкорн + средний пакет', 400),
       (9, 'Попкорн карамельный (бол)', 'Карамель + попкорн + большой пакет', 500),
       (10, 'Кока-кола (мал)', '0.3л', 100),
       (11, 'Кока-кола (сред)', '0.5л', 200),
       (12, 'Кока-кола (бол)', '1л', 300),
       (13, 'Начос', 'Чипсеки такие. Стандартная порция', 300),
       (14, 'Молочный коктейль', 'Лед + молоко + сироп', 200),
       (15, 'Сахарная вата', 'Сахар в центрифуге раскручивают', 150);

INSERT INTO cn.cinema (cinema_id, address)
VALUES (1, 'Дмитровское ш., 163А, Москва'),
       (2, 'Лобненская ул., 4А, Москва'),
       (3, 'ул. Лескова, 14, Москва'),
       (4, 'ул. Декабристов, 12, Москва'),
       (5, 'Дмитровское ш., 89, Москва'),
       (6, 'Беломорская ул., 16А, Москва'),
       (7, 'Ленинградское ш., 16А, стр. 4, Москва'),
       (8, 'Староватутинский пр., 14, Москва'),
       (9, 'ул. Селезнёва, 33, Мытищи'),
       (10, 'Щукинская ул., 42, Москва'),
       (11, '1-й Красногвардейский пр., 22, стр. 1, Москва'),
       (12, 'Болотная наб., 15, Москва'),
       (13, 'Даниловская наб., 6, корп. 7, Москва'),
       (14, 'Большой Овчинниковский пер., 16, Москва'),
       (15, 'Мартеновская ул., 25, Москва');

INSERT INTO cn.film (film_id, title, description, duration)
VALUES (1, 'Летучий корабль',
        'Царь собирается выдать свою дочь Забаву за красавца Поля, единственного наследника богача Полкана. Вот только царевна хочет выйти замуж по любви. Её неожиданное знакомство с простым, но честным и обаятельным матросом Иваном вносит смуту в планы хитреца Поля заполучить корону. И если в руках злодея тёмная магия и богатство, то на стороне Ивана — волшебные существа, любовь и мечта.',
        '1:40:00'),
       (2, 'Ненормальный',
        '8-летний Коля не такой как все. Мама мальчика Татьяна уже не верит, что врожденная болезнь отступит, и ребенок когда-нибудь станет «нормальным». Но ее новый знакомый Юрий твердо намерен поставить Колю на ноги с помощью своей уникальной системы гимнастики. А когда во время занятий случайно выясняется, что у мальчика талант к музыке, обучение игре на фортепиано становится еще одним этапом на пути к выздоровлению.',
        '1:43:00'),
       (3, 'Онегин',
        'Евгений Онегин живет на широкую ногу: балы, приемы, театральные премьеры и прочие развлечения, которые может предложить молодому человеку столица. Но светская жизнь давно утомила его, потому известие о болезни живущего в деревне дяди, он воспринимает, как возможность сбежать от опостылевшего света. Однако, добравшись до имения, Онегин узнает о кончине родственника, что, впрочем, не сильно расстраивает Евгения. Его финансовые дела весьма печальны, а дядя богат и других наследников у него нет. Онегин запирается в имении, сторонится соседей, которые очень скоро начинают называть его между собой чудаком. В бесцельном одиночестве Евгений живет до тех пор, пока в соседнем имении не объявляется вернувшийся из-за границы хозяин — юный, восторженный, еще не пресыщенный жизнью Ленский, который знакомит Евгения с сестрами Татьяной и Ольгой Лариными.',
        '2:21:00'),
       (4, 'Материнский инстинкт',
        '1960-е. Жизнь двух соседок Элис и Селин похожа на сказку — идеальные дома, успешные мужья и милые сыновья одного возраста. Но внезапно идиллия превращается в кошмар, а недавняя дружба оборачивается взаимными подозрениями и паранойей. Так начинается смертельно опасная игра, в которой нельзя доверять никому и ничему кроме собственных инстинктов.',
        '1:34:00'),
       (5, 'Уиджи. Потустороннее измерение',
        'Команда блогеров-инфлюэнсеров решает провести ритуал в особняке «черной графини». Поклонница всего сверхъестественного, она бесследно исчезла после того, как ей предложили сыграть в игру, которая должна была провести ее в другое измерение. Вызывая дух графини, блогеры впускают в мир потусторонние силы. Выживет тот, кто сможет вернуть демонов обратно.',
        '1:13:00'),
       (6, 'Годзилла и Конг: Новая империя',
        'Два древних титана, Годзилла и Конг, сражаются в эпической битве, пока люди разгадывают их происхождение и связь с тайнами Острова черепа.',
        '1:55:00'),
       (7, 'Кунг-фу Панда 4', 'Продолжение приключений легендарного Воина Дракона, его верных друзей и наставника.',
        '1:34:00'),
       (8, 'Дюна: Часть вторая',
        'Герцог Пол Атрейдес присоединяется к фременам, чтобы стать Муад Дибом, одновременно пытаясь остановить наступление войны.',
        '2:46:00'),
       (9, 'Охотники за привидениями: Леденящий ужас',
        'Семья Шпенглеров возвращается в легендарную пожарную часть в Нью-Йорке.', '1:55:00'),
       (10, 'Проклятие «Зов могилы»',
        'Эксгумация останков из загадочного захоронения приводит к ужасающим последствиям.', '2:14:00'),
       (11, 'Мастер и Маргарита',
        'Москва, 1930-е годы. Популярный драматург обвиняется в антисоветчине: спектакль по его пьесе отменяют, а самого его выгоняют из союза литераторов. В не самый лучший момент своей жизни он встречает глубоко несчастную в браке красавицу Маргариту и начинает новый роман, героями которого становятся люди из его окружения, в том числе — мистический персонаж Воланд, списанный со знакомого иностранца.',
        '2:37:00'),
       (12, 'Позывной «Пассажир»',
        '2015 год. Молодой писатель Николай Рябинин живет в столице, проводит вечера в модных заведениях и не особо интересуется повесткой дня, пока не узнает от родителей, что его брат, с которым он давно рассорился, пропал без вести на Донбассе. Николай отправляется на поиски, не подозревая, что эта миссия навсегда изменит его жизнь.',
        '1:35:00'),
       (13, 'Крутые яйца: Миссия «Пингвин»',
        'Когда команда безбашенных пингвинов и очаровательный белый медведь сбегают из цирка, молодому петуху Тото и его семье приходится всмятку разбиться, чтобы им помочь. Без плана, без подготовки и без тормозов они отправляются в улётное путешествие на Южный полюс, чтобы вернуть их домой.',
        '1:31:00'),
       (14, 'Лёд 3',
        'Надя выросла и стала фигуристкой. Она мечтает о «Кубке Льда», как когда-то мечтала ее мама. Горин возражает против спортивной карьеры дочери — он оберегает ее от любых трудностей и его можно понять: он потерял слишком много. На тайной тренировке Надя знакомится с молодым и дерзким хоккеистом из Москвы, и между ними вспыхивает первая любовь. Отец не верит в искренность чувств юноши и разлучает пару.',
        '2:14:00'),
       (15, 'Омен. Непорочная',
        'Церковь знала лишь один случай непорочного зачатия, но, похоже, что новая монахиня Сесилия в итальянском монастыре стала второй девственницей, которая вынашивает ребенка. Местные монахи объявили о чуде, но никто точно не знает, кого на самом деле носит под сердцем девушка — нового спасителя или того, кто погрузит мир в вечную тьму.',
        '1:29:00');

INSERT INTO cn.session (session_id, cinema_id, film_id, time, room, cost)
VALUES (1, 10, 13, '16.04.2024 20:57:00', 3, 274.8150248710765),
       (2, 14, 6, '17.04.2024 13:2:00', 2, 184.7616651338946),
       (3, 11, 8, '17.04.2024 11:52:00', 3, 267.6467568313159),
       (4, 9, 7, '15.04.2024 19:54:00', 5, 290.09645456545525),
       (5, 8, 8, '18.04.2024 19:48:00', 5, 526.106459737716),
       (6, 6, 1, '15.04.2024 20:36:00', 4, 124.06663834256273),
       (7, 10, 5, '15.04.2024 15:44:00', 2, 482.80226086150174),
       (8, 3, 9, '17.04.2024 19:52:00', 2, 100.67319767184948),
       (9, 10, 7, '16.04.2024 21:38:00', 4, 470.8856262092222),
       (10, 1, 13, '17.04.2024 12:42:00', 2, 341.25555138975403),
       (11, 1, 3, '16.04.2024 12:42:00', 5, 471.898128035222),
       (12, 11, 9, '17.04.2024 22:38:00', 3, 347.9790301314389),
       (13, 5, 3, '18.04.2024 17:3:00', 2, 455.081717752095),
       (14, 4, 10, '15.04.2024 11:11:00', 1, 336.99125744189223),
       (15, 8, 4, '18.04.2024 12:31:00', 1, 388.5986565354478),
       (16, 9, 4, '17.04.2024 16:35:00', 3, 569.9853447769677),
       (17, 7, 8, '16.04.2024 23:50:00', 2, 135.16449247040725),
       (18, 6, 11, '17.04.2024 22:32:00', 5, 296.8098263312422),
       (19, 13, 12, '18.04.2024 11:21:00', 5, 412.06869909031246),
       (20, 15, 11, '18.04.2024 18:47:00', 1, 277.81002910833024),
       (21, 7, 11, '18.04.2024 18:54:00', 1, 550.7346055289321),
       (22, 1, 12, '18.04.2024 14:6:00', 1, 224.41680453243865),
       (23, 1, 12, '18.04.2024 23:48:00', 4, 391.2416825404187),
       (24, 10, 1, '15.04.2024 16:10:00', 2, 366.54814858400283),
       (25, 13, 4, '18.04.2024 13:26:00', 4, 313.2463503252552),
       (26, 1, 13, '18.04.2024 13:44:00', 5, 583.1435734702002),
       (27, 7, 6, '17.04.2024 19:8:00', 2, 192.69677229798623),
       (28, 13, 4, '16.04.2024 21:27:00', 5, 554.4846585756904),
       (29, 15, 3, '17.04.2024 12:50:00', 5, 452.6876618673612),
       (30, 6, 4, '18.04.2024 23:25:00', 3, 145.75635630312146),
       (31, 10, 9, '17.04.2024 17:21:00', 5, 137.1805638671441),
       (32, 2, 6, '18.04.2024 13:20:00', 2, 350.2682203213405),
       (33, 12, 11, '18.04.2024 14:54:00', 3, 184.31024458901504),
       (34, 11, 8, '18.04.2024 21:58:00', 2, 233.52851323942434),
       (35, 3, 2, '17.04.2024 23:32:00', 5, 564.273911654725),
       (36, 15, 4, '16.04.2024 14:56:00', 5, 167.30561771680294),
       (37, 10, 7, '16.04.2024 17:19:00', 5, 426.4419015801111),
       (38, 14, 14, '17.04.2024 11:44:00', 4, 522.1169606836074),
       (39, 9, 13, '18.04.2024 18:5:00', 1, 525.4144624953566),
       (40, 4, 13, '16.04.2024 14:30:00', 3, 384.18138529826535),
       (41, 8, 11, '15.04.2024 16:43:00', 5, 181.86962858892156),
       (42, 3, 10, '16.04.2024 21:36:00', 1, 208.67774132511005),
       (43, 1, 14, '16.04.2024 14:17:00', 5, 356.97269139750694),
       (44, 3, 13, '18.04.2024 12:51:00', 5, 385.656135793273),
       (45, 10, 2, '15.04.2024 11:57:00', 3, 557.0618813321272),
       (46, 1, 13, '17.04.2024 20:43:00', 4, 214.74067366363838),
       (47, 15, 11, '15.04.2024 11:25:00', 1, 525.8673771092689),
       (48, 14, 14, '17.04.2024 13:39:00', 4, 589.4995487283142),
       (49, 9, 6, '16.04.2024 22:3:00', 3, 530.5226410960436),
       (50, 9, 6, '18.04.2024 10:45:00', 3, 488.75621685263275),
       (51, 6, 14, '17.04.2024 15:42:00', 4, 531.5916035127551),
       (52, 10, 2, '18.04.2024 17:24:00', 3, 595.4503928067229),
       (53, 1, 2, '15.04.2024 19:57:00', 3, 286.4485005674062),
       (54, 14, 13, '16.04.2024 17:6:00', 3, 100.81763858681744),
       (55, 14, 3, '15.04.2024 14:39:00', 1, 521.7394629471365),
       (56, 13, 11, '16.04.2024 19:58:00', 1, 194.17039160988827),
       (57, 6, 8, '15.04.2024 12:26:00', 4, 393.1346905448549),
       (58, 10, 1, '18.04.2024 13:6:00', 5, 553.1338714811957),
       (59, 13, 2, '17.04.2024 15:41:00', 4, 334.245891814026),
       (60, 5, 11, '16.04.2024 12:14:00', 3, 398.79184684077916),
       (61, 10, 9, '17.04.2024 22:46:00', 3, 532.0456499056938),
       (62, 13, 11, '15.04.2024 17:8:00', 2, 456.9339568269441),
       (63, 5, 9, '16.04.2024 10:47:00', 2, 118.08347838997138),
       (64, 13, 7, '18.04.2024 23:32:00', 5, 539.6043314070375),
       (65, 15, 15, '18.04.2024 10:37:00', 3, 369.700558266582),
       (66, 2, 12, '18.04.2024 13:21:00', 2, 185.53614881855913),
       (67, 15, 7, '17.04.2024 11:6:00', 1, 115.39571928368294),
       (68, 4, 3, '17.04.2024 10:23:00', 1, 268.9039960868137),
       (69, 6, 12, '17.04.2024 16:6:00', 3, 468.6576767483394),
       (70, 10, 6, '17.04.2024 14:4:00', 1, 282.0636231899864),
       (71, 14, 9, '15.04.2024 20:9:00', 5, 154.50874415728123),
       (72, 4, 15, '18.04.2024 15:34:00', 1, 221.78955854013122),
       (73, 13, 6, '16.04.2024 15:48:00', 5, 341.3845458486734),
       (74, 12, 3, '16.04.2024 20:6:00', 2, 335.7172201575536),
       (75, 3, 8, '15.04.2024 15:13:00', 3, 579.2248438513925),
       (76, 6, 8, '16.04.2024 13:12:00', 2, 443.5081378706809),
       (77, 13, 12, '16.04.2024 23:59:00', 4, 515.3308286044205),
       (78, 4, 3, '18.04.2024 12:16:00', 5, 230.92769372858493),
       (79, 2, 6, '16.04.2024 15:27:00', 3, 519.4917850098577),
       (80, 1, 5, '15.04.2024 11:30:00', 2, 376.51172018682894),
       (81, 1, 7, '15.04.2024 10:52:00', 3, 142.5566656883109),
       (82, 15, 7, '17.04.2024 17:36:00', 3, 533.5507778434084),
       (83, 7, 2, '17.04.2024 16:31:00', 3, 241.99563609427813),
       (84, 11, 5, '16.04.2024 16:4:00', 5, 197.70003232106137),
       (85, 8, 11, '18.04.2024 12:58:00', 2, 103.13914286446798),
       (86, 5, 12, '16.04.2024 17:0:00', 2, 344.91645625556436),
       (87, 4, 7, '16.04.2024 23:43:00', 4, 485.2762466579325),
       (88, 1, 2, '18.04.2024 14:4:00', 4, 364.28627358066075),
       (89, 15, 8, '17.04.2024 17:28:00', 3, 117.55725204040493),
       (90, 10, 15, '17.04.2024 23:18:00', 3, 331.8859618940519),
       (91, 9, 10, '18.04.2024 11:52:00', 3, 288.5053658033596),
       (92, 9, 7, '17.04.2024 22:51:00', 5, 500.25824774214846),
       (93, 15, 11, '18.04.2024 13:27:00', 3, 102.73704106333072),
       (94, 2, 2, '17.04.2024 17:58:00', 5, 252.77982227074278),
       (95, 9, 1, '15.04.2024 16:50:00', 2, 202.15914570738366),
       (96, 13, 5, '16.04.2024 18:32:00', 4, 546.132205230012),
       (97, 15, 1, '15.04.2024 15:48:00', 3, 431.0242235354885),
       (98, 7, 7, '18.04.2024 16:15:00', 5, 415.0987831265794),
       (99, 9, 9, '17.04.2024 21:44:00', 5, 386.61425072555517),
       (100, 3, 15, '16.04.2024 15:4:00', 3, 329.2515859512474),
       (101, 7, 12, '15.04.2024 10:5:00', 2, 477.115251458461),
       (102, 15, 11, '16.04.2024 13:51:00', 1, 597.6641593596355),
       (103, 11, 2, '17.04.2024 21:55:00', 2, 343.4978464210413),
       (104, 9, 5, '16.04.2024 13:46:00', 2, 417.2333026595649),
       (105, 9, 2, '16.04.2024 20:34:00', 4, 352.0623954052435),
       (106, 11, 1, '17.04.2024 15:4:00', 3, 554.2439301796222),
       (107, 6, 11, '17.04.2024 11:29:00', 4, 528.3789838729335),
       (108, 9, 7, '15.04.2024 13:15:00', 2, 283.5736414804418),
       (109, 13, 11, '16.04.2024 13:31:00', 5, 385.69979947525763),
       (110, 5, 15, '16.04.2024 15:56:00', 4, 325.0443995602539),
       (111, 8, 1, '16.04.2024 10:30:00', 1, 321.5706985522556),
       (112, 3, 10, '16.04.2024 21:31:00', 1, 271.6973281955402),
       (113, 11, 12, '18.04.2024 23:16:00', 1, 126.391336166797),
       (114, 12, 10, '16.04.2024 13:21:00', 1, 203.46040238713596),
       (115, 2, 6, '18.04.2024 20:16:00', 1, 270.65704663567635),
       (116, 13, 6, '17.04.2024 12:7:00', 2, 250.60791199731105),
       (117, 13, 8, '15.04.2024 23:14:00', 4, 277.77175112411305),
       (118, 15, 6, '17.04.2024 11:21:00', 1, 205.28978673157158),
       (119, 11, 3, '15.04.2024 23:31:00', 3, 510.0913618623036),
       (120, 5, 8, '18.04.2024 15:17:00', 4, 161.88773396361836),
       (121, 10, 1, '16.04.2024 15:44:00', 4, 245.17745374043466),
       (122, 1, 10, '17.04.2024 19:16:00', 3, 394.2517298115158),
       (123, 3, 10, '16.04.2024 15:5:00', 1, 305.37043565607746),
       (124, 4, 8, '17.04.2024 19:1:00', 5, 401.3840005784814),
       (125, 9, 13, '17.04.2024 17:57:00', 3, 501.77117887744174),
       (126, 11, 8, '15.04.2024 15:20:00', 3, 194.35722571183902),
       (127, 15, 7, '18.04.2024 10:47:00', 4, 507.3952702703167),
       (128, 5, 6, '17.04.2024 15:55:00', 3, 477.49654791775026),
       (129, 6, 5, '17.04.2024 11:42:00', 5, 339.64837690238784),
       (130, 10, 14, '18.04.2024 22:36:00', 2, 403.2452326529809),
       (131, 2, 15, '15.04.2024 19:20:00', 3, 361.10418221513896),
       (132, 5, 7, '16.04.2024 11:3:00', 4, 156.11603908373618),
       (133, 4, 12, '16.04.2024 22:16:00', 5, 263.58234036273586),
       (134, 9, 2, '16.04.2024 13:38:00', 4, 135.97538792074445),
       (135, 14, 5, '15.04.2024 19:33:00', 2, 353.026186615734),
       (136, 14, 6, '16.04.2024 18:13:00', 5, 321.99095767591393),
       (137, 12, 11, '15.04.2024 22:27:00', 3, 559.0826255982338),
       (138, 9, 5, '18.04.2024 12:36:00', 1, 307.41822422264505),
       (139, 5, 15, '15.04.2024 11:24:00', 1, 443.7197717697014),
       (140, 2, 15, '16.04.2024 18:49:00', 4, 250.52776589215466),
       (141, 14, 4, '17.04.2024 12:19:00', 1, 555.2251099412147),
       (142, 10, 11, '16.04.2024 12:14:00', 1, 125.7150027810114),
       (143, 8, 14, '18.04.2024 18:36:00', 3, 387.4916228509883),
       (144, 5, 3, '16.04.2024 16:36:00', 2, 243.614804733332),
       (145, 6, 4, '15.04.2024 14:43:00', 3, 493.41584405164787),
       (146, 10, 6, '15.04.2024 11:30:00', 1, 474.5119628029915),
       (147, 3, 3, '18.04.2024 22:52:00', 5, 272.9619637279179),
       (148, 11, 4, '17.04.2024 17:8:00', 5, 556.7415204397048),
       (149, 10, 1, '16.04.2024 20:29:00', 4, 322.12087899807136),
       (150, 2, 3, '15.04.2024 14:22:00', 1, 101.6411743916675);

INSERT INTO cn.employee (employee_id, cinema_id, first_name, mid_name, last_name, birth_date)
VALUES (1, 4, 'Евгений', 'Бердюгин', '', '22.12.1994'),
       (2, 10, 'Виталий', 'Бердюгин', 'Гаррикович', '24.2.1968'),
       (3, 15, 'Виталий', 'Сидоров', 'Барсикович', '18.2.1953'),
       (4, 8, 'Барсик', 'Сидоров', '', '10.7.1979'),
       (5, 7, 'Антон', 'Дизель', 'Барсикович', '21.6.1970'),
       (6, 10, 'Гарри', 'Уиллис', 'Альбусович', '19.5.1992'),
       (7, 9, 'Иерусалим', 'Подосёнов', 'Владиславович', '1.5.1962'),
       (8, 14, 'Евгений', 'Ильин', 'Синович', '6.9.2007'),
       (9, 9, 'Акакий', 'Дизель', 'Гаррикович', '19.9.2005'),
       (10, 9, 'Евгений', 'Подосёнов', 'Виталиевич', '1.1.1985'),
       (11, 5, 'Гарри', 'Сина', '', '3.6.1971'),
       (12, 7, 'Борисоглебск', 'Бердюгин', 'Виталиевич', '21.1.1968'),
       (13, 10, 'Виталий', 'Ильин', 'Виталиевич', '23.1.1998'),
       (14, 8, 'Виталий', 'Уиллис', 'Иерусалимович', '11.2.1969'),
       (15, 8, 'Антон', 'Грибенник', 'Альбусович', '20.1.2002'),
       (16, 3, 'Акакий', 'Сидоров', 'Синович', '9.2.1971'),
       (17, 13, 'Альбус', 'Подосёнов', 'Гаррикович', '13.8.1997'),
       (18, 14, 'Барсик', 'Сидоров', 'Акакиевич', '27.12.1979'),
       (19, 10, 'Борисоглебск', 'Подосёнов', '', '8.11.1981'),
       (20, 8, 'Барсик', 'Уиллис', 'Гаррикович', '22.1.1980');

INSERT INTO cn.employees_history (employee_id, cinema_id, history_dttm)
VALUES (1, 11, '01.01.2024'),
       (1, 14, '14.02.2024'),
       (1, 4, '27.03.2024'),
       (5, 1, '09.09.2023'),
       (5, 8, '17.12.2023'),
       (5, 9, '25.02.2024'),
       (5, 7, '02.04.2024'),
       (13, 15, '20.01.2024'),
       (13, 10, '22.01.2024'),
       (20, 3, '19.11.2023'),
       (20, 4, '27.12.2023'),
       (20, 8, '02.02.2024'),
       (20, 9, '03.03.2024'),
       (20, 8, '04.04.2024'),
       (2, 10, '02.03.2024'),
       (3, 15, '03.03.2024'),
       (4, 8, '04.03.2024'),
       (6, 10, '06.03.2024'),
       (7, 9, '07.03.2024'),
       (8, 14, '08.03.2024'),
       (9, 9, '09.03.2024'),
       (10, 9, '10.03.2024'),
       (11, 5, '11.03.2024'),
       (12, 7, '12.03.2024'),
       (14, 8, '14.03.2024'),
       (15, 8, '15.03.2024'),
       (16, 3, '16.03.2024'),
       (17, 13, '17.03.2024'),
       (18, 14, '18.03.2024'),
       (19, 10, '19.03.2024');

INSERT INTO cn.client (client_id, first_name, last_name)
VALUES (1, 'Иерусалим', 'Владиславович'),
       (2, 'Альбус', 'Олегович'),
       (3, 'Борисоглебск', 'Барсикович'),
       (4, 'Евгений', ''),
       (5, 'Евгений', ''),
       (6, 'Евгений', 'Виталиевич'),
       (7, 'Антон', 'Виталиевич'),
       (8, 'Владислав', 'Виталиевич'),
       (9, 'Виталий', 'Виталиевич'),
       (10, 'Акакий', ''),
       (11, 'Иерусалим', ''),
       (12, 'Евгений', 'Альбусович'),
       (13, 'Антон', 'Олегович'),
       (14, 'Гарри', 'Владиславович'),
       (15, 'Борисоглебск', 'Олегович'),
       (16, 'Антон', 'Синович'),
       (17, 'Борисоглебск', 'Иерусалимович'),
       (18, 'Альбус', ''),
       (19, 'Барсик', ''),
       (20, 'Борисоглебск', 'Виталиевич'),
       (21, 'Альбус', ''),
       (22, 'Евгений', ''),
       (23, 'Барсик', 'Гаррикович'),
       (24, 'Барсик', 'Иерусалимович'),
       (25, 'Иерусалим', ''),
       (26, 'Евгений', 'Синович'),
       (27, 'Борисоглебск', ''),
       (28, 'Владислав', 'Иерусалимович'),
       (29, 'Владислав', ''),
       (30, 'Акакий', 'Виталиевич'),
       (31, 'Иерусалим', 'Гаррикович'),
       (32, 'Барсик', 'Гаррикович'),
       (33, 'Борисоглебск', 'Олегович'),
       (34, 'Гарри', 'Владиславович'),
       (35, 'Альбус', 'Синович'),
       (36, 'Гарри', 'Акакиевич'),
       (37, 'Барсик', ''),
       (38, 'Гарри', 'Виталиевич'),
       (39, 'Барсик', 'Барсикович'),
       (40, 'Акакий', 'Виталиевич'),
       (41, 'Борисоглебск', 'Антонович'),
       (42, 'Барсик', ''),
       (43, 'Антон', 'Альбусович'),
       (44, 'Борисоглебск', 'Владиславович'),
       (45, 'Борисоглебск', ''),
       (46, 'Виталий', 'Акакиевич'),
       (47, 'Акакий', ''),
       (48, 'Антон', 'Барсикович'),
       (49, 'Евгений', 'Антонович'),
       (50, 'Гарри', 'Альбусович');

INSERT INTO cn.loyalty_card (loyalty_card_number, client_id, bonus_amount, create_dttm)
VALUES (507909445192907, NULL, 0, NULL),
       (834975517554381, NULL, 0, NULL),
       (644374544052224, 13, 241, '4.8.2022 15:44:51'),
       (656003216530399, NULL, 0, NULL),
       (385979450361782, NULL, 0, NULL),
       (185451221843381, 28, 477, '4.12.2023 18:58:52'),
       (804395492322647, 29, 747, '21.4.2022 17:30:9'),
       (348378973019921, 33, 910, '20.2.2022 22:0:25'),
       (760433464851995, NULL, 0, NULL),
       (730133185432327, 27, 36, '22.2.2022 21:4:16'),
       (936401604384090, 43, 1137, '1.11.2022 18:26:22'),
       (191695080470864, 40, 1089, '16.12.2022 9:40:50'),
       (351020532309813, 19, 981, '4.6.2022 23:34:29'),
       (132884020926132, NULL, 0, NULL),
       (896076075929682, 31, 1073, '4.5.2023 11:58:55'),
       (476718490131658, NULL, 0, NULL),
       (415537064377836, 50, 316, '12.7.2023 9:7:8'),
       (303364013263346, 7, 985, '17.3.2023 5:49:56'),
       (527884787565265, 47, 425, '4.5.2022 12:31:49'),
       (800072034746932, 6, 809, '26.8.2022 16:12:6');

INSERT INTO cn.order (order_id, cinema_id, employee_id, client_id, order_dttm)
VALUES (1, 3, 13, 9, '14.9.2023 21:22:36'),
       (2, 6, 1, 14, '1.7.2023 23:7:39'),
       (3, 11, 1, 50, '13.1.2023 21:45:57'),
       (4, 8, 3, 11, '26.3.2023 23:56:28'),
       (5, 12, 17, 13, '18.4.2023 15:29:8'),
       (6, 13, 12, 3, '16.1.2022 20:36:56'),
       (7, 2, 14, 18, '16.7.2023 12:35:47'),
       (8, NULL, NULL, 29, '15.11.2023 8:7:59'),
       (9, 5, 8, 25, '5.12.2022 10:2:24'),
       (10, 5, 20, 6, '19.12.2022 0:22:35'),
       (11, 12, 5, 14, '19.4.2022 1:19:59'),
       (12, 9, 20, NULL, '11.6.2022 13:19:9'),
       (13, 9, 14, 27, '12.6.2022 19:16:19'),
       (14, 11, 7, 29, '14.6.2023 3:17:21'),
       (15, NULL, NULL, 44, '1.3.2023 3:7:42'),
       (16, NULL, NULL, 34, '17.2.2023 10:17:50'),
       (17, NULL, NULL, 46, '9.9.2023 23:8:27'),
       (18, NULL, NULL, 45, '2.2.2022 19:24:57'),
       (19, NULL, NULL, 25, '18.11.2022 1:56:54'),
       (20, 11, 8, 5, '5.9.2023 22:54:6'),
       (21, 11, 17, 45, '10.11.2023 18:10:31'),
       (22, 6, 19, 36, '4.1.2022 7:31:47'),
       (23, 2, 4, 29, '14.9.2023 2:10:17'),
       (24, 15, 2, 1, '24.6.2023 6:6:5'),
       (25, 9, 10, 23, '26.1.2022 5:25:56'),
       (26, NULL, NULL, 23, '22.4.2023 9:31:17'),
       (27, 15, 13, 39, '13.3.2023 13:43:55'),
       (28, 4, 17, 11, '20.11.2022 14:21:22'),
       (29, 13, 12, NULL, '14.11.2023 12:25:43'),
       (30, 1, 18, 40, '11.9.2023 5:25:0'),
       (31, 6, 19, 35, '12.7.2023 2:56:3'),
       (32, 11, 17, NULL, '18.10.2023 17:12:46'),
       (33, 7, 1, NULL, '28.3.2023 7:27:39'),
       (34, 2, 5, 16, '15.3.2022 16:44:9'),
       (35, NULL, NULL, 26, '21.5.2023 3:2:20'),
       (36, 3, 9, NULL, '1.3.2023 11:56:11'),
       (37, NULL, NULL, 28, '21.9.2023 15:3:4'),
       (38, 7, 17, 13, '19.2.2022 10:12:5'),
       (39, NULL, NULL, 47, '4.2.2023 15:38:41'),
       (40, 15, 7, 16, '21.7.2022 19:0:25'),
       (41, 14, 2, 33, '1.8.2022 6:26:17'),
       (42, NULL, NULL, 39, '28.2.2023 9:17:58'),
       (43, 3, 7, 50, '9.9.2023 16:50:10'),
       (44, 4, 15, 24, '8.9.2023 21:23:17'),
       (45, 14, 10, NULL, '10.10.2022 1:43:51'),
       (46, 7, 5, 13, '15.4.2023 0:54:15'),
       (47, 10, 14, NULL, '21.7.2023 6:54:4'),
       (48, 3, 7, NULL, '9.4.2023 16:1:24'),
       (49, 5, 18, 20, '3.7.2023 7:28:12'),
       (50, 5, 8, 37, '28.2.2023 16:15:20'),
       (51, 2, 4, NULL, '2.9.2022 13:51:18'),
       (52, 10, 7, 6, '10.12.2022 7:46:16'),
       (53, 4, 8, 3, '24.11.2023 9:51:44'),
       (54, 13, 12, NULL, '1.4.2022 15:52:28'),
       (55, NULL, NULL, 48, '16.3.2023 21:35:38'),
       (56, 10, 19, 29, '2.9.2022 11:6:26'),
       (57, 15, 18, NULL, '9.2.2022 9:25:17'),
       (58, 7, 14, 16, '6.2.2023 18:45:1'),
       (59, NULL, NULL, 41, '22.9.2023 22:47:27'),
       (60, 6, 16, NULL, '11.10.2023 7:24:32'),
       (61, 9, 17, 38, '15.4.2023 3:28:55'),
       (62, 4, 6, 34, '7.4.2023 4:52:8'),
       (63, 7, 3, 5, '1.7.2023 21:31:33'),
       (64, 11, 9, 2, '24.5.2022 20:11:40'),
       (65, 14, 10, NULL, '18.10.2022 5:34:2'),
       (66, 2, 6, NULL, '6.3.2022 16:58:7'),
       (67, 14, 3, 18, '18.7.2022 18:44:57'),
       (68, 8, 8, NULL, '14.5.2022 19:59:35'),
       (69, 11, 16, 46, '26.10.2023 7:15:10'),
       (70, 2, 1, 6, '23.10.2023 8:11:38'),
       (71, 1, 2, 10, '20.4.2022 3:38:9'),
       (72, 1, 19, 15, '24.4.2022 12:54:43'),
       (73, 5, 6, NULL, '17.6.2022 8:56:18'),
       (74, 1, 7, 24, '23.2.2023 5:25:25'),
       (75, 1, 4, 16, '11.1.2023 23:39:47'),
       (76, 6, 5, 37, '15.2.2023 10:11:43'),
       (77, 9, 3, 41, '1.3.2022 13:51:43'),
       (78, 7, 17, NULL, '9.11.2022 8:7:57'),
       (79, NULL, NULL, 33, '16.8.2023 8:54:39'),
       (80, 6, 5, 37, '19.10.2022 19:50:22'),
       (81, 5, 18, 17, '4.9.2023 15:28:2'),
       (82, 8, 5, 5, '12.9.2023 17:4:19'),
       (83, NULL, NULL, 24, '19.5.2023 20:21:4'),
       (84, NULL, NULL, 13, '10.9.2023 0:24:6'),
       (85, NULL, NULL, 10, '11.6.2023 13:59:38'),
       (86, 13, 19, 24, '8.7.2022 19:57:38'),
       (87, 13, 2, 39, '24.6.2022 15:2:20'),
       (88, NULL, NULL, 28, '26.11.2023 16:23:34'),
       (89, 4, 5, 15, '19.6.2023 9:47:55'),
       (90, 4, 12, 12, '28.10.2023 18:46:58'),
       (91, NULL, NULL, 49, '24.12.2023 2:29:32'),
       (92, NULL, NULL, 50, '15.2.2023 6:7:29'),
       (93, 13, 13, NULL, '11.6.2022 10:15:1'),
       (94, 7, 3, 26, '2.11.2023 4:24:42'),
       (95, NULL, NULL, 15, '25.12.2023 6:10:54'),
       (96, 11, 1, NULL, '24.6.2022 22:5:15'),
       (97, 6, 5, 47, '8.9.2022 23:3:18'),
       (98, 10, 19, NULL, '13.4.2023 7:25:39'),
       (99, 9, 14, NULL, '6.4.2022 12:32:0'),
       (100, NULL, NULL, 12, '23.10.2022 20:7:38');

INSERT INTO cn.products_in_orders (order_id, product_id)
VALUES (39, 11),
       (27, 2),
       (10, 5),
       (14, 1),
       (93, 14),
       (69, 6),
       (91, 3),
       (62, 4),
       (8, 11),
       (87, 12),
       (88, 12),
       (56, 5),
       (6, 1),
       (80, 8),
       (84, 2),
       (61, 1),
       (31, 7),
       (73, 7),
       (23, 6),
       (38, 9),
       (70, 10),
       (53, 5),
       (27, 13),
       (8, 1),
       (34, 2),
       (1, 2),
       (97, 12),
       (76, 4),
       (43, 1),
       (67, 14),
       (17, 15),
       (48, 12),
       (16, 10),
       (12, 5),
       (23, 7),
       (1, 12),
       (78, 4),
       (42, 6),
       (100, 11),
       (92, 14),
       (54, 12),
       (2, 9),
       (25, 11),
       (66, 10),
       (26, 14),
       (2, 5),
       (75, 14),
       (59, 8),
       (80, 5),
       (88, 14),
       (44, 11),
       (33, 12),
       (75, 9),
       (65, 11),
       (77, 12),
       (12, 14),
       (41, 14),
       (2, 12),
       (49, 15),
       (35, 11);

INSERT INTO cn.ticket (ticket_id, order_id, session_id, row, seat)
VALUES (1, 51, 115, 3, 2),
       (2, 28, 52, 5, 3),
       (3, 26, 16, 8, 7),
       (4, 24, 53, 4, 5),
       (5, 64, 10, 5, 3),
       (6, 4, 139, 7, 9),
       (7, 61, 116, 2, 5),
       (8, 60, 43, 5, 2),
       (9, 51, 149, 10, 9),
       (10, 48, 118, 2, 10),
       (11, 53, 46, 10, 8),
       (12, 28, 143, 5, 7),
       (13, 11, 17, 7, 2),
       (14, 93, 29, 9, 4),
       (15, 78, 88, 5, 5),
       (16, 78, 24, 4, 10),
       (17, 50, 62, 4, 9),
       (18, 77, 16, 7, 10),
       (19, 40, 96, 9, 10),
       (20, 90, 63, 7, 1),
       (21, 85, 81, 1, 10),
       (22, 60, 108, 7, 3),
       (23, 17, 131, 8, 1),
       (24, 29, 117, 8, 8),
       (25, 18, 11, 3, 6),
       (26, 23, 122, 3, 3),
       (27, 95, 63, 7, 4),
       (28, 30, 19, 1, 1),
       (29, 81, 54, 8, 5),
       (30, 20, 50, 3, 8),
       (31, 88, 85, 9, 3),
       (32, 41, 130, 1, 5),
       (33, 22, 124, 8, 3),
       (34, 16, 14, 5, 4),
       (35, 45, 150, 2, 8),
       (36, 53, 102, 7, 10),
       (37, 16, 7, 5, 3),
       (38, 84, 87, 10, 6),
       (39, 28, 121, 3, 6),
       (40, 82, 54, 3, 2),
       (41, 81, 129, 7, 4),
       (42, 57, 15, 7, 8),
       (43, 35, 59, 2, 7),
       (44, 10, 6, 9, 9),
       (45, 95, 35, 2, 10),
       (46, 15, 82, 8, 10),
       (47, 80, 35, 4, 2),
       (48, 4, 116, 8, 4),
       (49, 23, 119, 4, 3),
       (50, 81, 21, 8, 3),
       (51, 23, 70, 3, 3),
       (52, 22, 16, 7, 2),
       (53, 83, 86, 2, 5),
       (54, 3, 51, 10, 3),
       (55, 19, 90, 8, 10),
       (56, 30, 85, 3, 2),
       (57, 84, 112, 7, 5),
       (58, 99, 50, 7, 4),
       (59, 11, 2, 2, 10),
       (60, 65, 139, 6, 3),
       (61, 49, 114, 10, 10),
       (62, 38, 24, 1, 7),
       (63, 85, 16, 3, 4),
       (64, 91, 124, 9, 9),
       (65, 15, 44, 1, 9),
       (66, 78, 139, 2, 2),
       (67, 60, 79, 2, 4),
       (68, 4, 100, 5, 5),
       (69, 76, 114, 1, 1),
       (70, 88, 31, 9, 7),
       (71, 63, 35, 6, 10),
       (72, 36, 55, 7, 6),
       (73, 26, 145, 9, 5),
       (74, 27, 108, 6, 7),
       (75, 70, 148, 5, 5),
       (76, 89, 139, 3, 8),
       (77, 75, 144, 6, 9),
       (78, 64, 110, 1, 3),
       (79, 30, 123, 2, 6),
       (80, 89, 133, 7, 7),
       (81, 60, 131, 5, 10),
       (82, 46, 112, 7, 10),
       (83, 48, 12, 10, 5),
       (84, 18, 118, 9, 7),
       (85, 46, 150, 2, 6),
       (86, 65, 7, 3, 2),
       (87, 10, 19, 2, 7),
       (88, 39, 137, 8, 10),
       (89, 38, 136, 5, 9),
       (90, 82, 84, 5, 9),
       (91, 64, 119, 2, 4),
       (92, 45, 65, 8, 9),
       (93, 97, 70, 5, 8),
       (94, 34, 5, 1, 3),
       (95, 82, 74, 9, 1),
       (96, 92, 3, 7, 9),
       (97, 67, 79, 9, 8),
       (98, 88, 10, 7, 4),
       (99, 21, 82, 4, 3),
       (100, 23, 91, 9, 10),
       (101, 24, 14, 8, 1),
       (102, 34, 120, 3, 2),
       (103, 87, 122, 5, 5),
       (104, 68, 5, 8, 4),
       (105, 63, 43, 5, 5),
       (106, 13, 147, 1, 4),
       (107, 68, 28, 5, 4),
       (108, 100, 11, 10, 9),
       (109, 41, 52, 5, 6),
       (110, 52, 139, 5, 1),
       (111, 46, 120, 10, 10),
       (112, 37, 7, 10, 9),
       (113, 43, 41, 3, 6),
       (114, 3, 137, 5, 6),
       (115, 51, 127, 8, 4),
       (116, 85, 26, 7, 6),
       (117, 4, 54, 2, 2),
       (118, 5, 135, 2, 8),
       (119, 37, 8, 5, 3),
       (120, 87, 80, 1, 3),
       (121, 10, 19, 5, 7),
       (122, 25, 118, 7, 9),
       (123, 5, 132, 3, 8),
       (124, 10, 91, 4, 4),
       (125, 96, 98, 5, 9),
       (126, 46, 137, 4, 8),
       (127, 27, 65, 2, 10),
       (128, 9, 119, 2, 10),
       (129, 90, 48, 8, 2),
       (130, 11, 132, 10, 4),
       (131, 17, 24, 2, 8),
       (132, 9, 39, 1, 1),
       (133, 78, 113, 3, 10),
       (134, 12, 45, 5, 10),
       (135, 30, 62, 10, 7),
       (136, 60, 48, 10, 4),
       (137, 63, 66, 3, 1),
       (138, 60, 101, 9, 10),
       (139, 41, 128, 9, 7),
       (140, 86, 125, 2, 6),
       (141, 19, 52, 4, 1),
       (142, 28, 64, 5, 6),
       (143, 99, 138, 7, 10),
       (144, 28, 48, 9, 8),
       (145, 7, 9, 2, 5),
       (146, 45, 51, 3, 7),
       (147, 13, 132, 3, 9),
       (148, 16, 120, 4, 3),
       (149, 34, 119, 1, 7),
       (150, 29, 129, 8, 6),
       (151, 47, 105, 3, 7),
       (152, 68, 123, 6, 8),
       (153, 19, 86, 4, 8),
       (154, 77, 126, 4, 8),
       (155, 50, 117, 6, 5),
       (156, 86, 125, 7, 8),
       (157, 29, 43, 4, 7),
       (158, 55, 126, 9, 9),
       (159, 12, 11, 8, 1),
       (160, 58, 148, 4, 7),
       (161, 95, 144, 4, 1),
       (162, 80, 75, 9, 8),
       (163, 63, 94, 5, 4),
       (164, 13, 27, 2, 10),
       (165, 52, 72, 3, 5),
       (166, 48, 48, 4, 5),
       (167, 43, 106, 2, 3),
       (168, 39, 136, 4, 2),
       (169, 45, 121, 2, 6),
       (170, 67, 31, 1, 7),
       (171, 13, 70, 3, 5),
       (172, 78, 86, 10, 6),
       (173, 84, 103, 8, 9),
       (174, 32, 32, 9, 1),
       (175, 24, 84, 9, 9),
       (176, 24, 18, 5, 3),
       (177, 5, 99, 10, 8),
       (178, 5, 88, 6, 4),
       (179, 5, 22, 3, 2),
       (180, 64, 129, 6, 1),
       (181, 48, 52, 10, 8),
       (182, 48, 97, 8, 5),
       (183, 80, 149, 5, 10),
       (184, 81, 70, 5, 9),
       (185, 34, 103, 10, 10),
       (186, 92, 82, 2, 2),
       (187, 97, 46, 2, 10),
       (188, 62, 69, 10, 6),
       (189, 100, 67, 3, 4),
       (190, 47, 76, 2, 3),
       (191, 66, 32, 2, 8),
       (192, 52, 137, 7, 2),
       (193, 96, 116, 5, 9),
       (194, 62, 10, 8, 4),
       (195, 40, 34, 3, 10),
       (196, 39, 21, 3, 2),
       (197, 52, 18, 3, 9),
       (198, 36, 40, 2, 1),
       (199, 84, 8, 10, 3),
       (200, 81, 44, 10, 2);

INSERT INTO cn.payment (payment_id, order_id, loyalty_card_number, payment_amount, discount_amount)
VALUES (1, 1, null, 500.00, 0.00);
INSERT INTO cn.payment (payment_id, order_id, loyalty_card_number, payment_amount, discount_amount)
VALUES (2, 2, null, 1100.00, 0.00);
INSERT INTO cn.payment (payment_id, order_id, loyalty_card_number, payment_amount, discount_amount)
VALUES (3, 3, 415537064377836, 990.67, 100.00);
INSERT INTO cn.payment (payment_id, order_id, loyalty_card_number, payment_amount, discount_amount)
VALUES (4, 4, null, 1124.40, 0.00);
INSERT INTO cn.payment (payment_id, order_id, loyalty_card_number, payment_amount, discount_amount)
VALUES (5, 5, 644374544052224, 1459.47, 25.00);
INSERT INTO cn.payment (payment_id, order_id, loyalty_card_number, payment_amount, discount_amount)
VALUES (6, 6, null, 100.00, 0.00);
INSERT INTO cn.payment (payment_id, order_id, loyalty_card_number, payment_amount, discount_amount)
VALUES (7, 7, null, 457.89, 13.00);
INSERT INTO cn.payment (payment_id, order_id, loyalty_card_number, payment_amount, discount_amount)
VALUES (8, 8, 804395492322647, 300.00, 0.00);
INSERT INTO cn.payment (payment_id, order_id, loyalty_card_number, payment_amount, discount_amount)
VALUES (9, 9, null, 935.50, 100.00);
INSERT INTO cn.payment (payment_id, order_id, loyalty_card_number, payment_amount, discount_amount)
VALUES (10, 10, 800072034746932, 1511.72, 25.00);
INSERT INTO cn.payment (payment_id, order_id, loyalty_card_number, payment_amount, discount_amount)
VALUES (11, 11, null, 476.04, 0.00);
INSERT INTO cn.payment (payment_id, order_id, loyalty_card_number, payment_amount, discount_amount)
VALUES (12, 12, null, 1428.96, 100.00);
INSERT INTO cn.payment (payment_id, order_id, loyalty_card_number, payment_amount, discount_amount)
VALUES (13, 13, 730133185432327, 903.84, 0.00);
INSERT INTO cn.payment (payment_id, order_id, loyalty_card_number, payment_amount, discount_amount)
VALUES (14, 14, 804395492322647, 87.00, 13.00);
INSERT INTO cn.payment (payment_id, order_id, loyalty_card_number, payment_amount, discount_amount)
VALUES (15, 15, null, 794.21, 125.00);
INSERT INTO cn.payment (payment_id, order_id, loyalty_card_number, payment_amount, discount_amount)
VALUES (16, 16, null, 1081.68, 0.00);
INSERT INTO cn.payment (payment_id, order_id, loyalty_card_number, payment_amount, discount_amount)
VALUES (17, 17, null, 877.65, 0.00);
INSERT INTO cn.payment (payment_id, order_id, loyalty_card_number, payment_amount, discount_amount)
VALUES (18, 18, null, 577.19, 100.00);
INSERT INTO cn.payment (payment_id, order_id, loyalty_card_number, payment_amount, discount_amount)
VALUES (19, 19, null, 1272.26, 0.00);
INSERT INTO cn.payment (payment_id, order_id, loyalty_card_number, payment_amount, discount_amount)
VALUES (20, 20, null, 463.76, 25.00);
INSERT INTO cn.payment (payment_id, order_id, loyalty_card_number, payment_amount, discount_amount)
VALUES (21, 21, null, 420.55, 113.00);
INSERT INTO cn.payment (payment_id, order_id, loyalty_card_number, payment_amount, discount_amount)
VALUES (22, 22, null, 971.37, 0.00);
INSERT INTO cn.payment (payment_id, order_id, loyalty_card_number, payment_amount, discount_amount)
VALUES (23, 23, 804395492322647, 2174.91, 0.00);
INSERT INTO cn.payment (payment_id, order_id, loyalty_card_number, payment_amount, discount_amount)
VALUES (24, 24, null, 1017.95, 100.00);
INSERT INTO cn.payment (payment_id, order_id, loyalty_card_number, payment_amount, discount_amount)
VALUES (25, 25, null, 380.29, 25.00);
INSERT INTO cn.payment (payment_id, order_id, loyalty_card_number, payment_amount, discount_amount)
VALUES (26, 26, null, 1263.41, 0.00);
INSERT INTO cn.payment (payment_id, order_id, loyalty_card_number, payment_amount, discount_amount)
VALUES (27, 27, null, 1053.27, 100.00);
INSERT INTO cn.payment (payment_id, order_id, loyalty_card_number, payment_amount, discount_amount)
VALUES (28, 28, null, 2344.22, 13.00);
INSERT INTO cn.payment (payment_id, order_id, loyalty_card_number, payment_amount, discount_amount)
VALUES (29, 29, null, 974.39, 0.00);
INSERT INTO cn.payment (payment_id, order_id, loyalty_card_number, payment_amount, discount_amount)
VALUES (30, 30, 191695080470864, 1152.51, 125.00);
INSERT INTO cn.payment (payment_id, order_id, loyalty_card_number, payment_amount, discount_amount)
VALUES (31, 31, null, 300.00, 0.00);
INSERT INTO cn.payment (payment_id, order_id, loyalty_card_number, payment_amount, discount_amount)
VALUES (32, 32, null, 350.27, 0.00);
INSERT INTO cn.payment (payment_id, order_id, loyalty_card_number, payment_amount, discount_amount)
VALUES (33, 33, null, 200.00, 100.00);
INSERT INTO cn.payment (payment_id, order_id, loyalty_card_number, payment_amount, discount_amount)
VALUES (34, 34, null, 1741.59, 0.00);
INSERT INTO cn.payment (payment_id, order_id, loyalty_card_number, payment_amount, discount_amount)
VALUES (35, 35, null, 496.25, 38.00);
INSERT INTO cn.payment (payment_id, order_id, loyalty_card_number, payment_amount, discount_amount)
VALUES (36, 36, null, 805.92, 100.00);
INSERT INTO cn.payment (payment_id, order_id, loyalty_card_number, payment_amount, discount_amount)
VALUES (37, 37, 185451221843381, 583.47, 0.00);
INSERT INTO cn.payment (payment_id, order_id, loyalty_card_number, payment_amount, discount_amount)
VALUES (38, 38, 644374544052224, 1188.54, 0.00);
INSERT INTO cn.payment (payment_id, order_id, loyalty_card_number, payment_amount, discount_amount)
VALUES (39, 39, 527884787565265, 1531.80, 100.00);
INSERT INTO cn.payment (payment_id, order_id, loyalty_card_number, payment_amount, discount_amount)
VALUES (40, 40, null, 754.66, 25.00);
INSERT INTO cn.payment (payment_id, order_id, loyalty_card_number, payment_amount, discount_amount)
VALUES (41, 41, 348378973019921, 1676.20, 0.00);
INSERT INTO cn.payment (payment_id, order_id, loyalty_card_number, payment_amount, discount_amount)
VALUES (42, 42, null, 287.00, 113.00);
INSERT INTO cn.payment (payment_id, order_id, loyalty_card_number, payment_amount, discount_amount)
VALUES (43, 43, 415537064377836, 836.11, 0.00);
INSERT INTO cn.payment (payment_id, order_id, loyalty_card_number, payment_amount, discount_amount)
VALUES (44, 44, null, 200.00, 0.00);
INSERT INTO cn.payment (payment_id, order_id, loyalty_card_number, payment_amount, discount_amount)
VALUES (45, 45, null, 1123.11, 125.00);
INSERT INTO cn.payment (payment_id, order_id, loyalty_card_number, payment_amount, discount_amount)
VALUES (46, 46, 644374544052224, 1094.31, 0.00);
INSERT INTO cn.payment (payment_id, order_id, loyalty_card_number, payment_amount, discount_amount)
VALUES (47, 47, null, 795.57, 0.00);
INSERT INTO cn.payment (payment_id, order_id, loyalty_card_number, payment_amount, discount_amount)
VALUES (48, 48, null, 2369.24, 100.00);
INSERT INTO cn.payment (payment_id, order_id, loyalty_card_number, payment_amount, discount_amount)
VALUES (49, 49, null, 340.46, 13.00);
INSERT INTO cn.payment (payment_id, order_id, loyalty_card_number, payment_amount, discount_amount)
VALUES (50, 50, null, 709.70, 25.00);
INSERT INTO cn.payment (payment_id, order_id, loyalty_card_number, payment_amount, discount_amount)
VALUES (51, 51, null, 1000.18, 100.00);
INSERT INTO cn.payment (payment_id, order_id, loyalty_card_number, payment_amount, discount_amount)
VALUES (52, 52, 800072034746932, 1521.40, 0.00);
INSERT INTO cn.payment (payment_id, order_id, loyalty_card_number, payment_amount, discount_amount)
VALUES (53, 53, null, 1112.40, 0.00);
INSERT INTO cn.payment (payment_id, order_id, loyalty_card_number, payment_amount, discount_amount)
VALUES (54, 54, null, 200.00, 100.00);
INSERT INTO cn.payment (payment_id, order_id, loyalty_card_number, payment_amount, discount_amount)
VALUES (55, 55, null, 169.36, 25.00);
INSERT INTO cn.payment (payment_id, order_id, loyalty_card_number, payment_amount, discount_amount)
VALUES (56, 56, 804395492322647, 287.00, 13.00);
INSERT INTO cn.payment (payment_id, order_id, loyalty_card_number, payment_amount, discount_amount)
VALUES (57, 57, null, 288.60, 100.00);
INSERT INTO cn.payment (payment_id, order_id, loyalty_card_number, payment_amount, discount_amount)
VALUES (58, 58, null, 556.74, 0.00);
INSERT INTO cn.payment (payment_id, order_id, loyalty_card_number, payment_amount, discount_amount)
VALUES (59, 59, null, 400.00, 0.00);
INSERT INTO cn.payment (payment_id, order_id, loyalty_card_number, payment_amount, discount_amount)
VALUES (60, 60, null, 2462.75, 125.00);
INSERT INTO cn.payment (payment_id, order_id, loyalty_card_number, payment_amount, discount_amount)
VALUES (61, 61, null, 350.61, 0.00);
INSERT INTO cn.payment (payment_id, order_id, loyalty_card_number, payment_amount, discount_amount)
VALUES (62, 62, null, 1009.92, 0.00);
INSERT INTO cn.payment (payment_id, order_id, loyalty_card_number, payment_amount, discount_amount)
VALUES (63, 63, null, 1246.56, 113.00);
INSERT INTO cn.payment (payment_id, order_id, loyalty_card_number, payment_amount, discount_amount)
VALUES (64, 64, null, 1516.04, 0.00);
INSERT INTO cn.payment (payment_id, order_id, loyalty_card_number, payment_amount, discount_amount)
VALUES (65, 65, null, 1101.52, 25.00);
INSERT INTO cn.payment (payment_id, order_id, loyalty_card_number, payment_amount, discount_amount)
VALUES (66, 66, null, 350.27, 100.00);
INSERT INTO cn.payment (payment_id, order_id, loyalty_card_number, payment_amount, discount_amount)
VALUES (67, 67, null, 856.67, 0.00);
INSERT INTO cn.payment (payment_id, order_id, loyalty_card_number, payment_amount, discount_amount)
VALUES (68, 68, null, 1385.96, 0.00);
INSERT INTO cn.payment (payment_id, order_id, loyalty_card_number, payment_amount, discount_amount)
VALUES (69, 69, null, 300.00, 100.00);
INSERT INTO cn.payment (payment_id, order_id, loyalty_card_number, payment_amount, discount_amount)
VALUES (70, 70, 800072034746932, 618.74, 38.00);
INSERT INTO cn.payment (payment_id, order_id, loyalty_card_number, payment_amount, discount_amount)
VALUES (71, 71, null, 1.00, 0.00);
INSERT INTO cn.payment (payment_id, order_id, loyalty_card_number, payment_amount, discount_amount)
VALUES (72, 72, null, 1.00, 0.00);
INSERT INTO cn.payment (payment_id, order_id, loyalty_card_number, payment_amount, discount_amount)
VALUES (73, 73, null, 300.00, 0.00);
INSERT INTO cn.payment (payment_id, order_id, loyalty_card_number, payment_amount, discount_amount)
VALUES (74, 74, null, 1.00, 0.00);
INSERT INTO cn.payment (payment_id, order_id, loyalty_card_number, payment_amount, discount_amount)
VALUES (75, 75, null, 818.61, 125.00);
INSERT INTO cn.payment (payment_id, order_id, loyalty_card_number, payment_amount, discount_amount)
VALUES (76, 76, null, 403.46, 0.00);
INSERT INTO cn.payment (payment_id, order_id, loyalty_card_number, payment_amount, discount_amount)
VALUES (77, 77, null, 1051.35, 13.00);
INSERT INTO cn.payment (payment_id, order_id, loyalty_card_number, payment_amount, discount_amount)
VALUES (78, 78, null, 1745.87, 100.00);
INSERT INTO cn.payment (payment_id, order_id, loyalty_card_number, payment_amount, discount_amount)
VALUES (79, 79, 348378973019921, 1.00, 0.00);
INSERT INTO cn.payment (payment_id, order_id, loyalty_card_number, payment_amount, discount_amount)
VALUES (80, 80, null, 2140.61, 25.00);
INSERT INTO cn.payment (payment_id, order_id, loyalty_card_number, payment_amount, discount_amount)
VALUES (81, 81, null, 1558.92, 100.00);
INSERT INTO cn.payment (payment_id, order_id, loyalty_card_number, payment_amount, discount_amount)
VALUES (82, 82, null, 634.24, 0.00);
INSERT INTO cn.payment (payment_id, order_id, loyalty_card_number, payment_amount, discount_amount)
VALUES (83, 83, null, 344.92, 0.00);
INSERT INTO cn.payment (payment_id, order_id, loyalty_card_number, payment_amount, discount_amount)
VALUES (84, 84, 644374544052224, 1288.15, 113.00);
INSERT INTO cn.payment (payment_id, order_id, loyalty_card_number, payment_amount, discount_amount)
VALUES (85, 85, null, 1270.69, 25.00);
INSERT INTO cn.payment (payment_id, order_id, loyalty_card_number, payment_amount, discount_amount)
VALUES (86, 86, null, 1003.54, 0.00);
INSERT INTO cn.payment (payment_id, order_id, loyalty_card_number, payment_amount, discount_amount)
VALUES (87, 87, null, 970.76, 100.00);
INSERT INTO cn.payment (payment_id, order_id, loyalty_card_number, payment_amount, discount_amount)
VALUES (88, 88, 185451221843381, 1081.58, 0.00);
INSERT INTO cn.payment (payment_id, order_id, loyalty_card_number, payment_amount, discount_amount)
VALUES (89, 89, null, 707.30, 0.00);
INSERT INTO cn.payment (payment_id, order_id, loyalty_card_number, payment_amount, discount_amount)
VALUES (90, 90, null, 582.58, 125.00);
INSERT INTO cn.payment (payment_id, order_id, loyalty_card_number, payment_amount, discount_amount)
VALUES (91, 91, null, 688.38, 13.00);
INSERT INTO cn.payment (payment_id, order_id, loyalty_card_number, payment_amount, discount_amount)
VALUES (92, 92, 415537064377836, 1001.20, 0.00);
INSERT INTO cn.payment (payment_id, order_id, loyalty_card_number, payment_amount, discount_amount)
VALUES (93, 93, null, 552.69, 100.00);
INSERT INTO cn.payment (payment_id, order_id, loyalty_card_number, payment_amount, discount_amount)
VALUES (94, 94, null, 1.00, 0.00);
INSERT INTO cn.payment (payment_id, order_id, loyalty_card_number, payment_amount, discount_amount)
VALUES (95, 95, null, 900.96, 25.00);
INSERT INTO cn.payment (payment_id, order_id, loyalty_card_number, payment_amount, discount_amount)
VALUES (96, 96, null, 565.71, 100.00);
INSERT INTO cn.payment (payment_id, order_id, loyalty_card_number, payment_amount, discount_amount)
VALUES (97, 97, 527884787565265, 796.80, 0.00);
INSERT INTO cn.payment (payment_id, order_id, loyalty_card_number, payment_amount, discount_amount)
VALUES (98, 98, null, 1.00, 0.00);
INSERT INTO cn.payment (payment_id, order_id, loyalty_card_number, payment_amount, discount_amount)
VALUES (99, 99, null, 696.18, 100.00);
INSERT INTO cn.payment (payment_id, order_id, loyalty_card_number, payment_amount, discount_amount)
VALUES (100, 100, null, 762.30, 25.00);